{
    "RandomForest": {
        "accuracy": 0.87445,
        "precision": 0.7247552807831015,
        "recall": 0.9376770538243626,
        "f1": 0.8175808209226298
    },
    "XGBoost": {
        "accuracy": 0.86405,
        "precision": 0.7225386493083807,
        "recall": 0.8878520246625562,
        "f1": 0.7967102803738317
    },
    "LightGBM": {
        "accuracy": 0.8665,
        "precision": 0.7232274494035652,
        "recall": 0.8991834694217631,
        "f1": 0.8016639429505275
    },
    "DecisionTree": {
        "accuracy": 0.86595,
        "precision": 0.7233584499461787,
        "recall": 0.8958506915514081,
        "f1": 0.8004168837936425
    },
    "LinearSVC": {
        "accuracy": 0.774,
        "precision": 0.7182434423813734,
        "recall": 0.40609898350274953,
        "f1": 0.5188418139237811
    }
}