{
    "RandomForest": {
        "accuracy": 0.8602,
        "precision": 0.7245341179767409,
        "recall": 0.86168971838027,
        "f1": 0.787182219515908
    },
    "XGBoost": {
        "accuracy": 0.8538,
        "precision": 0.7245657568238213,
        "recall": 0.8271954674220963,
        "f1": 0.7724867724867724
    },
    "LightGBM": {
        "accuracy": 0.85275,
        "precision": 0.7246398118200529,
        "recall": 0.8213631061489751,
        "f1": 0.7699757869249395
    },
    "DecisionTree": {
        "accuracy": 0.84645,
        "precision": 0.7235958485958486,
        "recall": 0.7900349941676388,
        "f1": 0.7553572851111288
    },
    "LinearSVC": {
        "accuracy": 0.7742,
        "precision": 0.7187039764359352,
        "recall": 0.4065989001833028,
        "f1": 0.519369944657301
    }
}